groupId,name,id,urlkey
285698,"New In Town",1273,"newintown"
285698,"Opera",2812,"opera"
285698,"Social Networking",4422,"socialnetwork"
285698,"Museum",7319,"museum"
285698,"Arts & Entertainment",10574,"arts"
285698,"Music",15018,"music"
285698,"Film",15029,"film"
285698,"Contemporary Art",16270,"contemporary-art"
285698,"Fine Arts",16389,"fine-arts"
285698,"Symphony",18238,"symphony"
285698,"Theater",23274,"live-theatre"
285698,"Houston",25706,"houston"
285698,"Zoo",82626,"zoo"
285698,"Arts & Culture",154787,"arts-culture"
285698,"Natural Science",155548,"natural-science"
10167172,"NFL Football",57,"nflfootball"
10167172,"Denver Broncos",59,"broncos"
10167172,"Sports Fan",83,"sportsfans"
10167172,"Soccer",947,"soccer"
10167172,"Denver",16439,"denver"
10167172,"Sports and Socials",17555,"sports-and-socials"
10167172,"All sports fans",19323,"all-sports-fans"
10167172,"Houston",25706,"houston"
10167172,"Broncos Football",370521,"broncos-football"
10167172,"Denver Broncos Meet up",513332,"denver-broncos-meet-up"
10167172,"Meet up Denver Bronco games",513342,"meet-up-denver-bronco-games"
20451804,"Weight Loss",240,"weightloss"
20451804,"Juvenile Diabetes",1399,"juvdiabetes"
20451804,"Diabetes",1482,"diabetes"
20451804,"Wellness",10306,"wellness"
20451804,"Alternative Medicine",17150,"alternative-medicine"
20451804,"Healthy Living",20221,"healthy-living"
20451804,"Insulin Dependent",22414,"insulin-dependent"
20451804,"Houston",25706,"houston"
20451804,"Type 1 Diabetic Adults",32017,"type-1-diabetic-adults"
20451804,"Support for People with Diabetes",33456,"support-for-people-with-diabetes"
20451804,"Having Fun with Diabetes",35113,"having-fun-with-diabetes"
20451804,"Diabetes: Type 1 & 2",45635,"diabetes-type-1-and-2"
20451804,"Type 1 diabetes",56368,"type-1-diabetes"
20451804,"Type I Diabetes",71560,"type-i-diabetes"
20451804,"Type II Diabetes",90705,"type-ii-diabetes"
14176522,"Open Source",563,"opensource"
14176522,"Hadoop",18060,"hadoop"
14176522,"Big Data",18062,"big-data"
14176522,"High Scalability Computing",24410,"high-scalability-computing"
14176522,"MapReduce",27591,"mapreduce"
14176522,"Machine Learning",29971,"machine-learning"
14176522,"Data Analytics",30928,"data-analytics"
14176522,"Predictive Analytics",38458,"predictive-analytics"
14176522,"Data Mining",55324,"data-mining"
14176522,"Data Science",102811,"data-science"
14176522,"Big Data Analytics",383411,"big-data-analytics"
14176522,"To promote R for big data analytics",672792,"to-promote-r-for-big-data-analytics"
224524,"Nonprofit",1726,"nonprofit"
224524,"Education & Technology",7203,"edtech"
224524,"Web Technology",10209,"web"
224524,"NetSquared",10312,"netsquared"
224524,"Entrepreneur Networking",20060,"business-entrepreneur-networking"
224524,"Houston",25706,"houston"
224524,"Social Entrepreneurship",26643,"social-entrepreneurship"
224524,"Geeks & Nerds",32623,"geeks-nerds"
224524,"Open Source Content Management",37062,"open-source-content-management"
224524,"Nonprofit Technology",59903,"nonprofit-technology"
224524,"Event Planning & Fundraising",77233,"event-planning-fundraising"
224524,"Socially Responsible Business",78007,"socially-responsible-business"
224524,"Startup Nonprofits",97266,"startup-nonprofits"
224524,"Technology Startups",108403,"technology-startups"
224524,"Online Fundraising",117277,"online-fundraising"
18938766,"Watching Movies",1201,"movies"
18938766,"Bible Study",2353,"biblestudy"
18938766,"Social Networking",4422,"socialnetwork"
18938766,"Christian Social",10187,"christiansocial"
18938766,"Spirituality",10290,"spirituality"
18938766,"Social",10581,"social"
18938766,"20s",15326,"20s"
18938766,"Adventure",15892,"adventure"
18938766,"20's Social",17925,"20s-social"
18938766,"Christian",17963,"christian"
18938766,"Board Games",19585,"board-games"
18938766,"Exploring New Restaurants",20704,"exploring-new-restaurants"
18938766,"Houston",25706,"houston"
18938766,"Game Night",40126,"game-night"
18938766,"Sugar Land",153196,"sugar-land"
18313743,"Technical Writers",7860,"techwriter"
18313743,"Data Management",10494,"datamanagement"
18313743,"Business Intelligence",10538,"businessintell"
18313743,"Big Data",18062,"big-data"
18313743,"Data Analytics",30928,"data-analytics"
18313743,"Data Visualization",37381,"data-visualization"
18313743,"Predictive Analytics",38458,"predictive-analytics"
18313743,"Technical Writing",54668,"technical-writing"
18313743,"Data Mining",55324,"data-mining"
18313743,"Data Science",102811,"data-science"
18313743,"Applied Statistics",115913,"applied-statistics"
18313743,"Big Data Analytics",383411,"big-data-analytics"
18313743,"Technical communicators",656602,"technical-communicators"
18313743,"Technical Documentation Editing",1325492,"technical-documentation-editing"
13635472,"NFL Football",57,"nflfootball"
13635472,"Soccer",947,"soccer"
13635472,"National Football League",24808,"national-football-league"
13635472,"Texans",24903,"texans"
13635472,"Houston",25706,"houston"
13635472,"Houston Singles Events",30595,"houston-singles-events"
13635472,"American Football",37335,"american-football"
13635472,"NFL Sunday",43636,"nfl-sunday"
13635472,"Houston Texans",81619,"houston-texans"
13635472,"NFL Football Fans",411202,"nfl-football-fans"
13635472,"GAMEDAY",1322462,"gameday"
3447832,"Small Business",389,"smallbiz"
3447832,"New In Town",1273,"newintown"
3447832,"Nightlife",4392,"nightlife"
3447832,"Social Networking",4422,"socialnetwork"
3447832,"Social",10581,"social"
3447832,"Business Referral Networking",15405,"business-referral-networking"
3447832,"Professional Networking",15720,"professional-networking"
3447832,"Happy Hour",16800,"happy-hours"
3447832,"Business Strategy",17635,"business-strategy"
3447832,"Houston",25706,"houston"
10824082,"Business Intelligence",10538,"businessintell"
10824082,"Mapping",10842,"mapping"
10824082,"Visual Communication",16224,"visual-communication"
10824082,"Cartography",18252,"cartography"
10824082,"Visualization",18987,"visualization"
10824082,"Houston",25706,"houston"
10824082,"Data Analytics",30928,"data-analytics"
10824082,"Data Visualization",37381,"data-visualization"
10824082,"Predictive Analytics",38458,"predictive-analytics"
10824082,"Data Mining",55324,"data-mining"
10824082,"Data Science",102811,"data-science"
10824082,"Data Journalism",118765,"data-journalism"
10824082,"Maps",131188,"maps"
10824082,"Tableau",168154,"tableau"
10824082,"d3.js",921262,"d3-js"
20367763,"Business",10575,"business"
20367763,"Professional Networking",15720,"professional-networking"
20367763,"MBA Schools and Programs",16641,"mba-schools-and-programs"
20367763,"Business Strategy",17635,"business-strategy"
20367763,"Houston",25706,"houston"
20367763,"MBAs",51367,"mbas"
20367763,"MBA Networking",112930,"mba-networking"
20367763,"Business Network",160195,"business-network"
20367763,"Maximizing My MBA",1506259,"maximizing-my-mba"
1117294,"Dining Out",713,"diningout"
1117294,"New In Town",1273,"newintown"
1117294,"Couples",3250,"couples"
1117294,"Nightlife",4392,"nightlife"
1117294,"Social Networking",4422,"socialnetwork"
1117294,"Social",10581,"social"
1117294,"Fun Times",15117,"fun-times"
1117294,"Houston",25706,"houston"
20880407,"Soccer",947,"soccer"
20880407,"Social Networking",4422,"socialnetwork"
20880407,"Women's Social",10232,"women"
20880407,"Men's Social",10261,"men"
20880407,"Outdoors",15046,"outdoors"
20880407,"Fun Times",15117,"fun-times"
20880407,"20's & 30's Social",17201,"20s-30s-social"
20880407,"Sports and Socials",17555,"sports-and-socials"
20880407,"Houston",25706,"houston"
20880407,"Bubble Soccer",1507760,"bubble-soccer"
18782616,"Open Source",563,"opensource"
18782616,"Technology",10579,"technology"
18782616,"Scala",17936,"scala"
18782616,"Hadoop",18060,"hadoop"
18782616,"Big Data",18062,"big-data"
18782616,"Machine Learning",29971,"machine-learning"
18782616,"Data Analytics",30928,"data-analytics"
18782616,"Data Mining",55324,"data-mining"
18782616,"Data Science",102811,"data-science"
18782616,"Big Data Analytics",383411,"big-data-analytics"
18782616,"Apache Spark",1471442,"apache-spark"
19953692,"Open Source",563,"opensource"
19953692,"Big Data",18062,"big-data"
19953692,"Natural Language Processing",24553,"natural-language-processing"
19953692,"Machine Learning",29971,"machine-learning"
19953692,"Data Analytics",30928,"data-analytics"
19953692,"Predictive Analytics",38458,"predictive-analytics"
19953692,"Data Mining",55324,"data-mining"
19953692,"Data Science",102811,"data-science"
19953692,"Big Data Analytics",383411,"big-data-analytics"
18931613,"Small Business",389,"smallbiz"
18931613,"Work At Home",589,"workathome"
18931613,"New In Town",1273,"newintown"
18931613,"Real Estate Networking",15088,"real-estate-networking"
18931613,"Business Referral Networking",15405,"business-referral-networking"
18931613,"Women Entrepreneurs",15497,"women-entrepreneurs"
18931613,"Career Network",15556,"career-network"
18931613,"Professional Networking",15720,"professional-networking"
18931613,"Referral Marketing",16745,"referral-marketing"
18931613,"Business Strategy",17635,"business-strategy"
18931613,"Entrepreneurship",19882,"entrepreneurship"
18931613,"Women's Business Networking",21283,"womens-business-networking"
18931613,"Houston",25706,"houston"
18931613,"Women's Networking",43484,"womens-networking"
18931613,"B2B Networking",65792,"b2b-networking"
1405728,"Business Referral Networking",15405,"business-referral-networking"
1405728,"Women Entrepreneurs",15497,"women-entrepreneurs"
1405728,"Professional Networking",15720,"professional-networking"
1405728,"Small Business Marketing Strategy",17325,"small-business-marketing-strategy"
1405728,"Business Strategy",17635,"business-strategy"
1405728,"Entrepreneurship",19882,"entrepreneurship"
1405728,"Entrepreneur Networking",20060,"business-entrepreneur-networking"
1405728,"Women's Business Networking",21283,"womens-business-networking"
1405728,"Startup Businesses",21681,"startup-businesses"
1405728,"Women Small Business Owners",23633,"women-small-business-owners"
1405728,"Houston",25706,"houston"
1405728,"Professional Women",26273,"professional-women"
1405728,"Young Professional Singles",58259,"young-professional-singles"
1405728,"Houston Events",81950,"houston-events"
20267120,"New In Town",1273,"newintown"
20267120,"Nightlife",4392,"nightlife"
20267120,"Happy Hour",16800,"happy-hours"
20267120,"20's & 30's Social",17201,"20s-30s-social"
20267120,"Social Dancing",24854,"social-dancing"
20267120,"Houston",25706,"houston"
20267120,"Hanging Out",28172,"hanging-out"
20065701,"Coffee",235,"coffee"
20065701,"Fitness",242,"fitness"
20065701,"Dining Out",713,"diningout"
20065701,"Watching Movies",1201,"movies"
20065701,"Running",2516,"running"
20065701,"Fun Times",15117,"fun-times"
20065701,"Girlfriends",15144,"girlfriends"
20065701,"Girls' Night Out",16550,"girls-night-out"
20065701,"Ladies' Brunch",17101,"ladies-brunch"
20065701,"Ladies",18333,"ladies"
20065701,"Eating, Drinking, Talking, Laughing, Etc",19130,"eating-drinking-talking-laughing-etc"
20065701,"Exercise",25375,"excercise"
20065701,"Houston",25706,"houston"
20065701,"Women's Health and Wellness",46865,"womens-health-and-wellness"
20065701,"Make some new girlfriends",385691,"make-some-new-girlfriends"
18976689,"Ukrainian Language",9843,"ukrainian"
18976689,"Language & Culture",10454,"language"
18976689,"Houston",25706,"houston"
18976689,"Slavic Cultures and languages",28842,"slavic-cultures-and-languages"
18976689,"Ukraine",29231,"ukraine"
18976689,"Eastern Europeans",29327,"eastern-europeans"
18976689,"Ukrainian Culture",31019,"ukrainian-culture"
18976689,"Expat Ukrainian",63880,"expat-ukrainian"
18976689,"Ukrainian Food",74683,"ukrainian-food"
18976689,"Ukrainian Music",92347,"ukrainian-music"
18976689,"Ukrainian Lessons",92646,"ukrainian-lessons"
18976689,"Ukrainian Parties",97876,"ukrainian-parties"
18976689,"Ukrainian Community",100688,"ukrainian-community"
20325161,"Cloud Computing",15167,"cloud-computing"
20325161,"Big Data",18062,"big-data"
20325161,"Data Analytics",30928,"data-analytics"
20325161,"Predictive Analytics",38458,"predictive-analytics"
20325161,"Data Mining",55324,"data-mining"
20325161,"Business Analytics",98842,"business-analytics"
20325161,"Big Data Analytics",383411,"big-data-analytics"
20325161,"Kx",1503736,"kx"
18939306,"Wine",611,"wine"
18939306,"Dining Out",713,"diningout"
18939306,"Art",1502,"art"
18939306,"Nightlife",4392,"nightlife"
18939306,"Live Music",8652,"livemusic"
18939306,"Women's Social",10232,"women"
18939306,"Intellectual Discussion",15083,"intellectual-discussion"
18939306,"Girls' Night Out",16550,"girls-night-out"
18939306,"Happy Hour",16800,"happy-hours"
18939306,"Dancing",17571,"dancing"
18939306,"Concerts",18909,"concerts"
18939306,"Live Music & Art Shows",24777,"live-music-art-shows"
18939306,"Social Dancing",24854,"social-dancing"
18939306,"Houston",25706,"houston"
4912482,"Beer",1475,"beer"
4912482,"Running",2516,"running"
4912482,"Self-Improvement",3336,"self-improvement"
4912482,"Social",10581,"social"
4912482,"Outdoors",15046,"outdoors"
4912482,"Drinking",15546,"drinking"
4912482,"Outdoor  Fitness",15672,"outdoor-fitness"
4912482,"Houston",25706,"houston"
4912482,"Jogging Friends",103360,"jogging-friends"
2532782,"Data Management",10494,"datamanagement"
2532782,"Cloud Computing",15167,"cloud-computing"
2532782,"Hadoop",18060,"hadoop"
2532782,"Big Data",18062,"big-data"
2532782,"High Scalability Computing",24410,"high-scalability-computing"
2532782,"Linked Data",24778,"linked-data"
2532782,"MapReduce",27591,"mapreduce"
2532782,"Machine Learning",29971,"machine-learning"
2532782,"Data Analytics",30928,"data-analytics"
2532782,"Data Visualization",37381,"data-visualization"
2532782,"Data Mining",55324,"data-mining"
2532782,"NoSQL",58162,"nosql"
2532782,"HBase",61680,"hbase"
2532782,"Cassandra",77842,"cassandra"
2532782,"MongoDB",121802,"mongodb"
20021425,"Open Source",563,"opensource"
20021425,"Python",1064,"python"
20021425,"Business Intelligence",10538,"businessintell"
20021425,"Hadoop",18060,"hadoop"
20021425,"Big Data",18062,"big-data"
20021425,"Machine Learning",29971,"machine-learning"
20021425,"Data Analytics",30928,"data-analytics"
20021425,"Data Visualization",37381,"data-visualization"
20021425,"Predictive Analytics",38458,"predictive-analytics"
20021425,"Computer programming",48471,"computer-programming"
20021425,"Data Mining",55324,"data-mining"
20021425,"NoSQL",58162,"nosql"
20021425,"Data Science",102811,"data-science"
20021425,"Big Data Analytics",383411,"big-data-analytics"
20021425,"Data Science using Python",1481522,"data-science-using-python"
10390322,"Open Source",563,"opensource"
10390322,"Software Development",3833,"softwaredev"
10390322,"New Technology",9696,"newtech"
10390322,"Cloud Computing",15167,"cloud-computing"
10390322,"Mobile Technology",16216,"mobile-technology"
10390322,"Machine Learning",29971,"machine-learning"
10390322,"PaaS (Platform as a Service)",31197,"paas"
10390322,"SaaS (Software as a Service)",33089,"saas-software-as-a-service"
10390322,"Predictive Analytics",38458,"predictive-analytics"
10390322,"Data Mining",55324,"data-mining"
10390322,"Internet of Things",79740,"internet-of-things"
10390322,"IaaS (Infrastructure as a Service)",107633,"iaas-infrastructure-as-a-service"
10390322,"Using Hadoop in the cloud",140255,"using-hadoop-in-the-cloud"
10390322,"Cloud Computing Security",141165,"cloud-computing-security"
10390322,"Big Data Analytics",383411,"big-data-analytics"
20629619,"Hip Hop",128,"hiphop"
20629619,"Digital Photography",206,"digcam"
20629619,"Wine",611,"wine"
20629619,"Dining Out",713,"diningout"
20629619,"Karaoke",1193,"karaoke"
20629619,"Beer",1475,"beer"
20629619,"Modeling",6144,"modeling"
20629619,"Live Music",8652,"livemusic"
20629619,"Music",15018,"music"
20629619,"Fun Times",15117,"fun-times"
20629619,"Foodie",18528,"foodie"
20629619,"Dinner and a Movie",23778,"dinner-and-a-movie"
20629619,"Houston",25706,"houston"
20629619,"African American Women",27978,"african-american-women"
20629619,"Street Photography",49954,"street-photography"
20415285,"Professional Development",3880,"prodev"
20415285,"Online Marketing",15585,"online-marketing"
20415285,"Search Engine Marketing",17601,"search-engine-marketing"
20415285,"Business Strategy",17635,"business-strategy"
20415285,"Social Media Marketing",17742,"social-media-marketing"
20415285,"Big Data",18062,"big-data"
20415285,"Entrepreneurship",19882,"entrepreneurship"
20415285,"Entrepreneur Networking",20060,"business-entrepreneur-networking"
20415285,"Startup Businesses",21681,"startup-businesses"
20415285,"SEO (Search Engine Optimization)",23199,"seo-search-engine-optimization"
20415285,"Predictive Analytics",38458,"predictive-analytics"
20415285,"Startup Pitching",78721,"startup-pitching"
20415285,"Data Science",102811,"data-science"
20415285,"Big Data Analytics",383411,"big-data-analytics"
20120380,"Musicians",173,"musicians"
20120380,"Dining Out",713,"diningout"
20120380,"Nightlife",4392,"nightlife"
20120380,"Social Networking",4422,"socialnetwork"
20120380,"Museum",7319,"museum"
20120380,"Live Music",8652,"livemusic"
20120380,"Line Dancing",9931,"linedancing"
20120380,"Sports and Recreation",10451,"sports"
20120380,"Performing Arts",17558,"performing-arts"
20120380,"Exploring Our Town",20147,"exploring-our-town"
20120380,"Theater",23274,"live-theatre"
20120380,"Houston",25706,"houston"
20120380,"Francophone Culture",30474,"francophone-culture"
20120380,"Louisiana",45173,"louisiana"
20120380,"Meeting Locals and New in Town",66777,"meeting-locals-and-new-in-town"
2084801,"Singles",498,"singles"
2084801,"HPV",2198,"hpv"
2084801,"Social Networking",4422,"socialnetwork"
2084801,"Herpes",15058,"herpes"
2084801,"Health Education",16972,"health-education"
2084801,"Dating and Relationships",20246,"dating-and-relationships"
2084801,"Houston",25706,"houston"
2084801,"STD",33773,"std"
2084801,"Texas",56317,"texas"
2084801,"Singles Herpes",65812,"singles-herpes"
2084801,"HSV-1",70761,"hsv-1"
2084801,"HSV-2",70762,"hsv-2"
2084801,"STD's",87091,"stds"
2084801,"Genital Herpes",91538,"genital-herpes"
2084801,"Herpes Support",275591,"herpes-support"
4379842,"Singles",498,"singles"
4379842,"Dining Out",713,"diningout"
4379842,"New In Town",1273,"newintown"
4379842,"Nightlife",4392,"nightlife"
4379842,"Social Networking",4422,"socialnetwork"
4379842,"Expat",4446,"expat"
4379842,"Live Music",8652,"livemusic"
4379842,"Social",10581,"social"
4379842,"Outdoors",15046,"outdoors"
4379842,"Adventure",15892,"adventure"
4379842,"Dancing",17571,"dancing"
4379842,"Exercise",25375,"excercise"
4379842,"Houston",25706,"houston"
4379842,"Arts & Culture",154787,"arts-culture"
20669326,"Work At Home",589,"workathome"
20669326,"Girlfriends",15144,"girlfriends"
20669326,"Weekday Actitivies",16479,"weekday-actitivies"
20669326,"Lunch",19892,"lunch"
20669326,"Houston",25706,"houston"
20669326,"Go Out To Lunch",36159,"go-out-to-lunch"
20669326,"Pearland",58176,"pearland"
20669326,"Work Lunch",74542,"work-lunch"
20669326,"Weekday",106601,"weekday"
20669326,"Missouri City",112043,"missouri-city"
20669326,"Movie and Lunch",143031,"movie-and-lunch"
20669326,"Reliant/Medical Center Area Houston",171994,"reliant-medical-center-area-houston"
20669326,"Brunches and Lunches",604612,"brunches-and-lunches"
20669326,"Lunch and Laughter",1247342,"lunch-and-laughter"
20669326,"Texas Medical Center",1324652,"texas-medical-center"
19092167,"Open Source",563,"opensource"
19092167,"Software Development",3833,"softwaredev"
19092167,"New Technology",9696,"newtech"
19092167,"Cloud Computing",15167,"cloud-computing"
19092167,"Hadoop",18060,"hadoop"
19092167,"Big Data",18062,"big-data"
19092167,"Entrepreneurship",19882,"entrepreneurship"
19092167,"Machine Learning",29971,"machine-learning"
19092167,"Data Analytics",30928,"data-analytics"
19092167,"Data Visualization",37381,"data-visualization"
19092167,"Predictive Analytics",38458,"predictive-analytics"
19092167,"Data Mining",55324,"data-mining"
19092167,"Data Science",102811,"data-science"
19092167,"Big Data Analytics",383411,"big-data-analytics"
20521005,"Video Games",4471,"videogame"
20521005,"Nintendo",9336,"nintendo"
20521005,"Gaming",18071,"gaming"
20521005,"Houston",25706,"houston"
20521005,"Console Gaming",28643,"console-gaming"
20521005,"Super Smash Bros.",30409,"super-smash-bros"
20521005,"Super Smash Brothers",63186,"super-smash-brothers"
20521005,"Houston Events",81950,"houston-events"
20521005,"Video Game Tournaments",107047,"video-game-tournaments"
20521005,"New in Town Houston",122776,"new-in-town-houston"
20521005,"Super Smash Bros 3DS",1501122,"super-smash-bros-3ds"
20521005,"Super Smash Bros. Wii U",1509725,"super-smash-bros-wii-u"
20152524,"Artificial Intelligence",456,"ai"
20152524,"Big Data",18062,"big-data"
20152524,"Machine Learning",29971,"machine-learning"
20152524,"Data Visualization",37381,"data-visualization"
20152524,"Predictive Analytics",38458,"predictive-analytics"
20152524,"Data Science",102811,"data-science"
20152524,"Deep Learning",1456952,"deep-learning"
19625570,"Artificial Intelligence",456,"ai"
19625570,"New Technology",9696,"newtech"
19625570,"Machine Learning",29971,"machine-learning"
19625570,"neural networks",39679,"neural-networks"
19625570,"Data Mining",55324,"data-mining"
19625570,"Machine Intelligence",98137,"machine-intelligence"
19625570,"Data Science",102811,"data-science"
19625570,"Artificial General Intelligence",127757,"artificial-general-intelligence"
19625570,"Deep Learning",1456952,"deep-learning"
1680718,"Indie",812,"indiemusic"
1680718,"New In Town",1273,"newintown"
1680718,"All Things Indie",1673,"allthingsindie"
1680718,"Live Music",8652,"livemusic"
1680718,"Social",10581,"social"
1680718,"Music",15018,"music"
1680718,"Concerts",18909,"concerts"
1680718,"Alternative Rock",20907,"alternative-rock"
1680718,"Houston",25706,"houston"
16545232,"Small Business",389,"smallbiz"
16545232,"Marketing",1238,"marketing"
16545232,"Podcasting",9899,"podcasting"
16545232,"Internet Professionals",10102,"internetpro"
16545232,"Social Media",15401,"social-media"
16545232,"Business Referral Networking",15405,"business-referral-networking"
16545232,"Online Marketing",15585,"online-marketing"
16545232,"Professional Networking",15720,"professional-networking"
16545232,"Small Business Marketing Strategy",17325,"small-business-marketing-strategy"
16545232,"Social Media Marketing",17742,"social-media-marketing"
16545232,"Houston",25706,"houston"
16545232,"Social Media for Business",37708,"social-media-for-business"
16545232,"Small Business Internet Marketing Skills",60923,"small-business-internet-marketing-skills"
16545232,"Internet Marketing Strategies For Business Owners",60924,"internet-marketing-strategies-for-business-owners"
16545232,"Radio",62218,"radio"
1623761,"New In Town",1273,"newintown"
1623761,"Cantonese Language",2308,"cantonese"
1623761,"Expat Chinese",3921,"expatchinese"
1623761,"Asian Professionals",9760,"asianpros"
1623761,"Taiwanese Language",9765,"taiwanese"
1623761,"Social",10581,"social"
1623761,"Fun Times",15117,"fun-times"
1623761,"Cantonese Friends",18356,"cantonese-friends"
1623761,"Friendships in Houston",22250,"friendships-in-houston"
1623761,"Houston",25706,"houston"
1623761,"Hong Kong Culture",27655,"hong-kong"
1623761,"Chinese Culture",33004,"chinese-culture"
1623761,"China",37351,"china"
1623761,"Taiwanese Culture",83759,"taiwan-culture"
1623761,"Chinese in Houston",91031,"chinese-in-houston"
1623761,"Chinese language",125467,"chinese-language"
20379795,"UFO",219,"ufos"
20379795,"Sci-Fi/Fantasy",317,"scifi"
20379795,"New Technology",9696,"newtech"
20379795,"Sustainability",15998,"sustainability"
20379795,"Renewable Energy",16902,"renewable-energy"
20379795,"Green Technology",19556,"green-technology"
20379795,"Collaboration",21067,"collaboration"
20379795,"Houston",25706,"houston"
20379795,"Computer programming",48471,"computer-programming"
20379795,"New Product Development: Software & Tech",62946,"new-product-development-software-tech"
20379795,"Knowledge Sharing",65780,"knowledge-sharing"
20379795,"Biotechnology",109595,"biotechnology"
19838677,"Artificial Intelligence",456,"ai"
19838677,"Interaction Design",10110,"ixd"
19838677,"User Experience",19243,"user-experience"
19838677,"Computer Science",21751,"computer-science"
19838677,"High Scalability Computing",24410,"high-scalability-computing"
19838677,"Machine Learning",29971,"machine-learning"
19838677,"Data Analytics",30928,"data-analytics"
19838677,"Data Visualization",37381,"data-visualization"
19838677,"Predictive Analytics",38458,"predictive-analytics"
19838677,"User Research",49541,"user-research"
19838677,"UX Design",61781,"ux-design"
19838677,"Human-Computer Interaction",71162,"human-computer-interaction"
19838677,"Data Science",102811,"data-science"
19838677,"Mobile User Experience",122974,"mobile-user-experience"
19838677,"Deep Learning",1456952,"deep-learning"
20343896,"NFL Football",57,"nflfootball"
20343896,"Sports Fan",83,"sportsfans"
20343896,"Dining Out",713,"diningout"
20343896,"New In Town",1273,"newintown"
20343896,"College Football",2600,"collegefootball"
20343896,"Sports and Recreation",10451,"sports"
20343896,"Friday Night Socials",16094,"friday-night-socials"
20343896,"Sports and Socials",17555,"sports-and-socials"
20343896,"All sports fans",19323,"all-sports-fans"
20343896,"Houston",25706,"houston"
20343896,"Texas",56317,"texas"
20343896,"Watching Sports",79584,"watching-sports"
20343896,"Houston Events",81950,"houston-events"
20343896,"Friday Night Out",170676,"friday-night-out"
20343896,"NFL Football Fans",411202,"nfl-football-fans"
20797786,"Bicycling",579,"bike"
20797786,"Sport Bikes",763,"sportbikes"
20797786,"Brunch",18239,"brunch"
20797786,"Cruiser Bikes",18920,"cruiser-bikes"
20797786,"Houston",25706,"houston"
20797786,"Houston Events",81950,"houston-events"
20797786,"New in Town Houston",122776,"new-in-town-houston"
4406492,"Dining Out",713,"diningout"
4406492,"New In Town",1273,"newintown"
4406492,"Social Networking",4422,"socialnetwork"
4406492,"Social",10581,"social"
4406492,"Luncheon",16903,"luncheon"
4406492,"Lunch",19892,"lunch"
4406492,"Houston",25706,"houston"
4406492,"Food and Drink",87548,"food-and-drink"
4406492,"Downtown",1203092,"downtown"
4406492,"Getting Out Of The Office",1203112,"getting-out-of-the-office"
8801502,"Artificial Intelligence",456,"ai"
8801502,"Semantic Web",1372,"semweb"
8801502,"Data Management",10494,"datamanagement"
8801502,"Hadoop",18060,"hadoop"
8801502,"Big Data",18062,"big-data"
8801502,"Natural Language Processing",24553,"natural-language-processing"
8801502,"Machine Learning",29971,"machine-learning"
8801502,"Data Analytics",30928,"data-analytics"
8801502,"Data Visualization",37381,"data-visualization"
8801502,"Predictive Analytics",38458,"predictive-analytics"
8801502,"Data Mining",55324,"data-mining"
8801502,"Data Science",102811,"data-science"
19154655,"Dining Out",713,"diningout"
19154655,"Professional Development",3880,"prodev"
19154655,"Social Networking",4422,"socialnetwork"
19154655,"Intellectual Discussion",15083,"intellectual-discussion"
19154655,"Fun Times",15117,"fun-times"
19154655,"Leadership",15121,"leadership"
19154655,"Young Professionals",15231,"young-professionals"
19154655,"Professional Networking",15720,"professional-networking"
19154655,"Happy Hour",16800,"happy-hours"
19154655,"Entrepreneur Networking",20060,"business-entrepreneur-networking"
19154655,"Houston",25706,"houston"
19154655,"Professional Women",26273,"professional-women"
19154655,"Self-Empowerment",38757,"self-empowerment"
19154655,"Young Professional Singles",58259,"young-professional-singles"
19154655,"Culture Exchange",67622,"culture-exchange"
1800928,"Nursing",385,"nursing"
1800928,"New In Town",1273,"newintown"
1800928,"Parents",10333,"parents"
1800928,"Family",16024,"families"
1800928,"New Moms",16208,"new-moms"
1800928,"NICU Struggles",21479,"nicu-struggles"
1800928,"Healthcare Professionals",22572,"healthcare-professionals"
1800928,"Houston",25706,"houston"
1800928,"Hip  Mamas",41439,"hip-mamas"
1800928,"Parents of Premature Babies",67711,"parents-of-premature-babies"
1800928,"Preemie Parents",67713,"preemie-parents"
1800928,"Play Group West Houston",80527,"play-group-west-houston"
1800928,"NICU",96268,"nicu"
1800928,"NICU Loss",106876,"nicu-loss"
1800928,"Moms of Houston",110942,"moms-of-houston"
18649952,"Singles",498,"singles"
18649952,"New In Town",1273,"newintown"
18649952,"Nightlife",4392,"nightlife"
18649952,"Social Networking",4422,"socialnetwork"
18649952,"Women's Social",10232,"women"
18649952,"Fun Times",15117,"fun-times"
18649952,"Professional Networking",15720,"professional-networking"
18649952,"Single Professionals",18216,"professional-singles"
18649952,"Friendships in Houston",22250,"friendships-in-houston"
18649952,"Houston",25706,"houston"
18649952,"Houston Singles Events",30595,"houston-singles-events"
18649952,"Texas",56317,"texas"
18649952,"Houston Events",81950,"houston-events"
18649952,"Making New Friends in the Greater Houston Area",120669,"making-new-friends-in-the-greater-houston-area"
18649952,"New in Town Houston",122776,"new-in-town-houston"
18381154,"Data Management",10494,"datamanagement"
18381154,"Business Intelligence",10538,"businessintell"
18381154,"Professional Networking",15720,"professional-networking"
18381154,"Big Data",18062,"big-data"
18381154,"Business Intelligence Best Practices",22622,"business-intelligence-best-practices"
18381154,"Data Analytics",30928,"data-analytics"
18381154,"Data Visualization",37381,"data-visualization"
18381154,"Predictive Analytics",38458,"predictive-analytics"
18381154,"Data Mining",55324,"data-mining"
18381154,"Business Analytics",98842,"business-analytics"
18381154,"Big Data Analytics",383411,"big-data-analytics"
20115300,"Bible Study",2353,"biblestudy"
20115300,"Christian Ministry",6623,"christianmin"
20115300,"Social",10581,"social"
20115300,"Leadership",15121,"leadership"
20115300,"Christian Men",16900,"christian-men"
20115300,"Spiritual Growth",17658,"spiritual-growth"
20115300,"Women's Empowerment",17933,"womens-empowerment"
20115300,"Jesus Christ",20589,"jesus-christ"
20115300,"Empowerment for Men",24186,"empowerment-for-men"
20115300,"Houston",25706,"houston"
20115300,"Collaboration between Creative Minds",29526,"collaboration-between-creative-minds"
20115300,"Christian Women",31382,"christian-women"
20115300,"Knowledge Sharing",65780,"knowledge-sharing"
20115300,"New in Town Houston",122776,"new-in-town-houston"
20115300,"Nonprofit 501 (c) (3) tax exemption",782862,"nonprofit-501-c-3-tax-exemption"
20364647,"Film Industry",382,"filmind"
20364647,"Indie Films",914,"indiefilm"
20364647,"Watching Movies",1201,"movies"
20364647,"Nightlife",4392,"nightlife"
20364647,"Social Networking",4422,"socialnetwork"
20364647,"Film",15029,"film"
20364647,"Movie Nights",15940,"movie-nights"
20364647,"Film and Video Production",20021,"film-and-video-production"
20364647,"Dinner and a Movie",23778,"dinner-and-a-movie"
20364647,"Houston",25706,"houston"
20364647,"Movies in Movie Theaters",43390,"movies-in-movie-theaters"
20364647,"Independent Filmmaking",48847,"independent-filmmakers"
20165692,"Born Again Christian",602,"bornagain"
20165692,"Dining Out",713,"diningout"
20165692,"New In Town",1273,"newintown"
20165692,"Social Networking",4422,"socialnetwork"
20165692,"Christian Social",10187,"christiansocial"
20165692,"Christian Singles",16271,"christian-singles"
20165692,"Christian",17963,"christian"
20165692,"Jesus Christ",20589,"jesus-christ"
20165692,"Houston",25706,"houston"
20165692,"Bible Studies",27271,"bible-studies"
20165692,"Christian Women",31382,"christian-women"
20165692,"Bowling and Fun Stuff",77178,"bowling-and-fun-stuff"
20853126,"Social Networking",4422,"socialnetwork"
20853126,"Happy Hour",16800,"happy-hours"
20853126,"Single Professionals",18216,"professional-singles"
20853126,"Dating and Relationships",20246,"dating-and-relationships"
20853126,"Theater",23274,"live-theatre"
20853126,"Houston",25706,"houston"
12513132,"Small Business",389,"smallbiz"
12513132,"Software Development",3833,"softwaredev"
12513132,"JavaScript",7029,"javascript"
12513132,"Web Technology",10209,"web"
12513132,"Web Development",15582,"web-development"
12513132,"Entrepreneurship",19882,"entrepreneurship"
12513132,"Android Development",20346,"android-developers"
12513132,"Mobile Development",21441,"mobile-development"
12513132,"Startup Businesses",21681,"startup-businesses"
12513132,"Houston",25706,"houston"
12513132,"Google Technology User Group",27790,"google-technology-user-group"
12513132,"iOS Development",127567,"ios-development"
12513132,"Internet Startups",128595,"internet-startups"
12513132,"Enterprenurs",142938,"enterprenurs"
683246,"Small Business",389,"smallbiz"
683246,"E-Business Owners",1330,"ebizowners"
683246,"Social Networking",4422,"socialnetwork"
683246,"Web Technology",10209,"web"
683246,"Professional Networking",15720,"professional-networking"
683246,"Entrepreneurship",19882,"entrepreneurship"
683246,"Startup Businesses",21681,"startup-businesses"
683246,"Houston",25706,"houston"
683246,"Houston Events",81950,"houston-events"
16246242,"New In Town",1273,"newintown"
16246242,"Nightlife",4392,"nightlife"
16246242,"Social Networking",4422,"socialnetwork"
16246242,"Business",10575,"business"
16246242,"Business Referral Networking",15405,"business-referral-networking"
16246242,"Professional Networking",15720,"professional-networking"
16246242,"Happy Hour",16800,"happy-hours"
16246242,"Business Strategy",17635,"business-strategy"
16246242,"Entrepreneurship",19882,"entrepreneurship"
16246242,"Small Business Networking",20301,"small-business-networking"
16246242,"Houston",25706,"houston"
16246242,"Charity Events",54006,"charity-events"
16246242,"Young Professional Singles",58259,"young-professional-singles"
16246242,"B2B Networking",65792,"b2b-networking"
19512432,"Data Management",10494,"datamanagement"
19512432,"Business Intelligence",10538,"businessintell"
19512432,"Big Data",18062,"big-data"
19512432,"Data Analytics",30928,"data-analytics"
19512432,"Data Visualization",37381,"data-visualization"
19512432,"Data Science",102811,"data-science"
19512432,"Data Warehouse",1413652,"data-warehouse"
19512432,"Data Strategy",1440562,"data-strategy"
20554866,"Open Source",563,"opensource"
20554866,"Software Development",3833,"softwaredev"
20554866,"Technology",10579,"technology"
20554866,"Hadoop",18060,"hadoop"
20554866,"Big Data",18062,"big-data"
20554866,"Machine Learning",29971,"machine-learning"
20554866,"Data Analytics",30928,"data-analytics"
20554866,"Data Visualization",37381,"data-visualization"
20554866,"Predictive Analytics",38458,"predictive-analytics"
20554866,"Computer programming",48471,"computer-programming"
20554866,"Data Mining",55324,"data-mining"
20554866,"NoSQL",58162,"nosql"
20554866,"Data Science",102811,"data-science"
20554866,"Big Data Analytics",383411,"big-data-analytics"
18723699,"Open Source",563,"opensource"
18723699,"Software Development",3833,"softwaredev"
18723699,"Hadoop",18060,"hadoop"
18723699,"Big Data",18062,"big-data"
18723699,"MapReduce",27591,"mapreduce"
18723699,"Machine Learning",29971,"machine-learning"
18723699,"Data Analytics",30928,"data-analytics"
18723699,"Predictive Analytics",38458,"predictive-analytics"
18723699,"NoSQL",58162,"nosql"
18723699,"IBM",71289,"ibm"
18723699,"Business Analytics",98842,"business-analytics"
18723699,"Data Science",102811,"data-science"
18723699,"Big Data Analytics",383411,"big-data-analytics"
18723699,"BigDataDevelopers",1482432,"bigdatadevelopers"
16426612,"Oil & Gas Investing",8707,"oilinvesting"
16426612,"Critical Thinking",15544,"critical-thinking"
16426612,"Big Data",18062,"big-data"
16426612,"Energy",21396,"energy"
16426612,"oil and gas",23448,"oil-and-gas"
16426612,"Machine Learning",29971,"machine-learning"
16426612,"Data Analytics",30928,"data-analytics"
16426612,"Data Visualization",37381,"data-visualization"
16426612,"Predictive Analytics",38458,"predictive-analytics"
16426612,"Data Mining",55324,"data-mining"
16426612,"Petroleum",69433,"petroleum"
16426612,"Business Analytics",98842,"business-analytics"
16426612,"Data Science",102811,"data-science"
16426612,"Applied Statistics",115913,"applied-statistics"
16426612,"Big Data Analytics",383411,"big-data-analytics"
8488182,"Art",1502,"art"
8488182,"Nonprofit",1726,"nonprofit"
8488182,"Architecture",1737,"architecture"
8488182,"Volunteering",16645,"volunteering"
8488182,"Houston",25706,"houston"
8488182,"Business Architecture",26467,"business-architecture"
8488182,"Creativity",36229,"creative"
8488182,"Socially Responsible Business",78007,"socially-responsible-business"
8488182,"Service-Oriented Architecture",240411,"service-oriented-architecture"
20704121,"Social Networking",4422,"socialnetwork"
20704121,"Google",6490,"google"
20704121,"Social",10581,"social"
20704121,"Social Media",15401,"social-media"
20704121,"Professional Networking",15720,"professional-networking"
20704121,"Adventure",15892,"adventure"
20704121,"Foodie",18528,"foodie"
20704121,"Business Leaders",25388,"business-leaders"
20704121,"Creativity",36229,"creative"
20704121,"Google Apps",45441,"google-apps"
20704121,"Google Maps",91459,"google-maps"
20704121,"Reviews",129617,"reviews"
20704121,"Maps",131188,"maps"
20704121,"Restaurant Reviews",1163452,"restaurant-reviews"
18661757,"Open Source",563,"opensource"
18661757,"Cloud Computing",15167,"cloud-computing"
18661757,"Hadoop",18060,"hadoop"
18661757,"Big Data",18062,"big-data"
18661757,"High Scalability Computing",24410,"high-scalability-computing"
18661757,"MapReduce",27591,"mapreduce"
18661757,"Data Analytics",30928,"data-analytics"
18661757,"Data Visualization",37381,"data-visualization"
18661757,"Predictive Analytics",38458,"predictive-analytics"
18661757,"Data Mining",55324,"data-mining"
18661757,"NoSQL",58162,"nosql"
18661757,"Business Analytics",98842,"business-analytics"
18661757,"Big Data Analytics",383411,"big-data-analytics"
18661757,"Big Data for social media",1056662,"big-data-for-social-media"
18661757,"Big Data Developers",1482272,"big-data-developers"
20124927,"Business Intelligence",10538,"businessintell"
20124927,"Big Data",18062,"big-data"
20124927,"Web Analytics",24439,"web-analytics"
20124927,"Data Analytics",30928,"data-analytics"
20124927,"Data Visualization",37381,"data-visualization"
20124927,"Predictive Analytics",38458,"predictive-analytics"
20124927,"Data Mining",55324,"data-mining"
20124927,"APIs",80749,"apis"
20124927,"API documentation",1219032,"api-documentation"
